name,email,user_id,new_user,default_pw,add_videos_count,del_videos_count
Anne Tsai,annetsai620617@gmail.com,1096,1,25320a,6,0
許芷嫣,chihyenhsu@gmail.com,219,0,,3,0
Wenhong Luo,luo.wenhong@yahoo.com,1097,1,a1bcf4,3,0
Winnie Chow,owinnieco@gmail.com,1098,1,08dc61,3,0
陳昱廷,timmy2000890902@gmail.com,1099,1,76d124,3,0
bo li,whimforest@qq.com,1100,1,b39044,3,0
Wl Leow,wwwritingismylife95@gmail.com,1101,1,a6d8f5,3,0
Xinna Quan,xinnaquan@yeah.net,1102,1,ebf3d8,3,0
鄭宇修,yuhsu0517@gmail.com,1103,1,d7bb31,3,0
